,country,time-period,population
0,Andorra,1986,44593.0
1,Andorra,1987,46976.0
2,Andorra,1988,48451.0
3,Andorra,1989,50528.0
4,Andorra,1990,50887.0
5,Andorra,1991,54507.0
6,Andorra,1992,59048.0
7,Andorra,1993,61599.0
8,Andorra,1994,65226.0
9,Andorra,1995,64311.0
10,Andorra,1996,63859.0
11,Andorra,1997,64479.0
12,Andorra,1998,65306.0
13,Andorra,1999,65877.0
14,Andorra,2000,65971.0
15,Andorra,2001,65844.0
16,Andorra,2002,66334.0
17,Andorra,2003,67159.0
18,Andorra,2004,72320.0
19,Andorra,2005,76875.0
20,Andorra,2006,78549.0
21,Andorra,2007,81222.0
22,Andorra,2008,83137.0
23,Andorra,2009,84484.0
24,Andorra,2010,84082.0
25,Andorra,2011,78115.0
26,Andorra,2012,78115.0
27,Andorra,2013,76246.0
28,Andorra,2019,76177.0
29,Albania,1960,1583800.0
30,Albania,1961,1633800.0
31,Albania,1962,1685800.0
32,Albania,1963,1736838.0
33,Albania,1964,1788404.0
34,Albania,1965,1839866.0
35,Albania,1966,1889715.0
36,Albania,1967,1939430.0
37,Albania,1968,1991765.0
38,Albania,1969,2052778.0
39,Albania,1970,2110612.0
40,Albania,1971,2160345.0
41,Albania,1972,2215361.0
42,Albania,1973,2270891.0
43,Albania,1974,2322613.0
44,Albania,1975,2377635.0
45,Albania,1976,2432027.0
46,Albania,1977,2485025.0
47,Albania,1978,2542066.0
48,Albania,1979,2590466.0
49,Albania,1980,2645198.0
50,Albania,1981,2698795.0
51,Albania,1982,2753316.0
52,Albania,1983,2815239.0
53,Albania,1984,2872681.0
54,Albania,1985,2936177.0
55,Albania,1986,2993347.0
56,Albania,1987,3051923.0
57,Albania,1988,3115286.0
58,Albania,1989,3169386.0
59,Albania,1990,3286500.0
60,Albania,1991,3259814.0
61,Albania,1992,3190103.0
62,Albania,1993,3167478.0
63,Albania,1994,3220310.0
64,Albania,1995,3248836.0
65,Albania,1996,3283000.0
66,Albania,1997,3324317.0
67,Albania,1998,3354341.0
68,Albania,1999,3373445.0
69,Albania,2000,3058497.0
70,Albania,2001,3063318.0
71,Albania,2002,3057018.0
72,Albania,2003,3044993.0
73,Albania,2004,3034231.0
74,Albania,2005,3019634.0
75,Albania,2006,3003329.0
76,Albania,2007,2981755.0
77,Albania,2008,2958266.0
78,Albania,2009,2936355.0
79,Albania,2010,2918674.0
80,Albania,2011,2907361.0
81,Albania,2012,2903008.0
82,Albania,2013,2897770.0
83,Albania,2014,2892394.0
84,Albania,2015,2885796.0
85,Albania,2016,2875592.0
86,Albania,2017,2876591.0
87,Albania,2018,2870324.0
88,Albania,2019,2862427.0
89,Albania,2020,2845955.0
90,Albania,2021,2829741.0
91,Armenia,2000,3226900.0
92,Armenia,2001,3215300.0
93,Armenia,2002,3212900.0
94,Armenia,2003,3210300.0
95,Armenia,2004,3212200.0
96,Armenia,2005,3215800.0
97,Armenia,2006,3219234.0
98,Armenia,2007,3222953.0
99,Armenia,2008,3230086.0
100,Armenia,2009,3237976.0
101,Armenia,2010,3249482.0
102,Armenia,2011,3262650.0
103,Armenia,2012,3274285.0
104,Armenia,2015,3010598.0
105,Armenia,2016,2998577.0
106,Armenia,2017,2986151.0
107,Armenia,2018,2972732.0
108,Armenia,2019,2965269.0
109,Armenia,2020,2959694.0
110,Armenia,2021,2963251.0
111,Austria,1960,7030385.0
112,Austria,1961,7064693.0
113,Austria,1962,7107904.0
114,Austria,1963,7151824.0
115,Austria,1964,7199798.0
116,Austria,1965,7247804.0
117,Austria,1966,7293973.0
118,Austria,1967,7350159.0
119,Austria,1968,7403837.0
120,Austria,1969,7426968.0
121,Austria,1970,7455142.0
122,Austria,1971,7479030.0
123,Austria,1972,7521933.0
124,Austria,1973,7566469.0
125,Austria,1974,7605760.0
126,Austria,1975,7592316.0
127,Austria,1976,7565489.0
128,Austria,1977,7565561.0
129,Austria,1978,7571299.0
130,Austria,1979,7553310.0
131,Austria,1980,7545539.0
132,Austria,1981,7553326.0
133,Austria,1982,7584094.0
134,Austria,1983,7564185.0
135,Austria,1984,7559635.0
136,Austria,1985,7563233.0
137,Austria,1986,7566736.0
138,Austria,1987,7572852.0
139,Austria,1988,7576319.0
140,Austria,1989,7594315.0
141,Austria,1990,7644818.0
142,Austria,1991,7710882.0
143,Austria,1992,7798899.0
144,Austria,1993,7882519.0
145,Austria,1994,7928746.0
146,Austria,1995,7943489.0
147,Austria,1996,7953067.0
148,Austria,1997,7964966.0
149,Austria,1998,7971116.0
150,Austria,1999,7982461.0
151,Austria,2000,8002186.0
152,Austria,2001,8020946.0
153,Austria,2002,8063640.0
154,Austria,2003,8100273.0
155,Austria,2004,8142573.0
156,Austria,2005,8201359.0
157,Austria,2006,8254298.0
158,Austria,2007,8282984.0
159,Austria,2008,8307989.0
160,Austria,2009,8335003.0
161,Austria,2010,8351643.0
162,Austria,2011,8375164.0
163,Austria,2012,8408121.0
164,Austria,2013,8451860.0
165,Austria,2014,8507786.0
166,Austria,2015,8584926.0
167,Austria,2016,8700471.0
168,Austria,2017,8772865.0
169,Austria,2018,8822267.0
170,Austria,2019,8858775.0
171,Austria,2020,8901064.0
172,Austria,2021,8932664.0
173,Azerbaijan,2000,8016200.0
174,Azerbaijan,2001,8081000.0
175,Azerbaijan,2002,8141400.0
176,Azerbaijan,2003,8202500.0
177,Azerbaijan,2004,8265700.0
178,Azerbaijan,2005,8347300.0
179,Azerbaijan,2006,8436400.0
180,Azerbaijan,2007,8532700.0
181,Azerbaijan,2008,8629900.0
182,Azerbaijan,2009,8896900.0
183,Azerbaijan,2010,8997586.0
184,Azerbaijan,2011,9111078.0
185,Azerbaijan,2012,9235085.0
186,Azerbaijan,2013,9356483.0
187,Azerbaijan,2014,9477119.0
188,Azerbaijan,2015,9593038.0
189,Azerbaijan,2016,9705643.0
190,Azerbaijan,2017,9809981.0
191,Azerbaijan,2018,9898085.0
192,Azerbaijan,2019,9981457.0
193,Azerbaijan,2020,10067108.0
194,Azerbaijan,2021,10119133.0
195,Bosnia and Herzegovina,1960,3212349.0
196,Bosnia and Herzegovina,1961,3265629.0
197,Bosnia and Herzegovina,1962,3329909.0
198,Bosnia and Herzegovina,1963,3406130.0
199,Bosnia and Herzegovina,1964,3480448.0
200,Bosnia and Herzegovina,1965,3553053.0
201,Bosnia and Herzegovina,1966,3627922.0
202,Bosnia and Herzegovina,1967,3700916.0
203,Bosnia and Herzegovina,1968,3767185.0
204,Bosnia and Herzegovina,1969,3734546.0
205,Bosnia and Herzegovina,1970,3685694.0
206,Bosnia and Herzegovina,1971,3731216.0
207,Bosnia and Herzegovina,1972,3789131.0
208,Bosnia and Herzegovina,1973,3845048.0
209,Bosnia and Herzegovina,1974,3898064.0
210,Bosnia and Herzegovina,1975,3950628.0
211,Bosnia and Herzegovina,1976,4004830.0
212,Bosnia and Herzegovina,1977,4059247.0
213,Bosnia and Herzegovina,1978,4110203.0
214,Bosnia and Herzegovina,1979,4157746.0
215,Bosnia and Herzegovina,1980,4136941.0
216,Bosnia and Herzegovina,1981,4114030.0
217,Bosnia and Herzegovina,1982,4158361.0
218,Bosnia and Herzegovina,1983,4203208.0
219,Bosnia and Herzegovina,1984,4248746.0
220,Bosnia and Herzegovina,1985,4293863.0
221,Bosnia and Herzegovina,1986,4337350.0
222,Bosnia and Herzegovina,1987,4379545.0
223,Bosnia and Herzegovina,1988,4421373.0
224,Bosnia and Herzegovina,1989,4461498.0
225,Bosnia and Herzegovina,1990,4499203.0
226,Bosnia and Herzegovina,1991,4517921.0
227,Bosnia and Herzegovina,1997,3727439.0
228,Bosnia and Herzegovina,1998,3549736.0
229,Bosnia and Herzegovina,2000,3753085.0
230,Bosnia and Herzegovina,2001,3789717.0
231,Bosnia and Herzegovina,2002,3813167.0
232,Bosnia and Herzegovina,2003,3830349.0
233,Bosnia and Herzegovina,2004,3837414.0
234,Bosnia and Herzegovina,2005,3842532.0
235,Bosnia and Herzegovina,2006,3842650.0
236,Bosnia and Herzegovina,2007,3844017.0
237,Bosnia and Herzegovina,2008,3843846.0
238,Bosnia and Herzegovina,2009,3843998.0
239,Bosnia and Herzegovina,2010,3844046.0
240,Bosnia and Herzegovina,2011,3843183.0
241,Bosnia and Herzegovina,2012,3839265.0
242,Belgium,1960,9128824.0
243,Belgium,1961,9178154.0
244,Belgium,1962,9189741.0
245,Belgium,1963,9251414.0
246,Belgium,1964,9328126.0
247,Belgium,1965,9428100.0
248,Belgium,1966,9499234.0
249,Belgium,1967,9556380.0
250,Belgium,1968,9605601.0
251,Belgium,1969,9631910.0
252,Belgium,1970,9660154.0
253,Belgium,1971,9650944.0
254,Belgium,1972,9695379.0
255,Belgium,1973,9726850.0
256,Belgium,1974,9756590.0
257,Belgium,1975,9788248.0
258,Belgium,1976,9813152.0
259,Belgium,1977,9823302.0
260,Belgium,1978,9837413.0
261,Belgium,1979,9841654.0
262,Belgium,1980,9855110.0
263,Belgium,1981,9863374.0
264,Belgium,1982,9854589.0
265,Belgium,1983,9858017.0
266,Belgium,1984,9853023.0
267,Belgium,1985,9857721.0
268,Belgium,1986,9858895.0
269,Belgium,1987,9864751.0
270,Belgium,1988,9875716.0
271,Belgium,1989,9927612.0
272,Belgium,1990,9947782.0
273,Belgium,1991,9986975.0
274,Belgium,1992,10021997.0
275,Belgium,1993,10068319.0
276,Belgium,1994,10100631.0
277,Belgium,1995,10130574.0
278,Belgium,1996,10143047.0
279,Belgium,1997,10170226.0
280,Belgium,1998,10192264.0
281,Belgium,1999,10213752.0
282,Belgium,2000,10239085.0
283,Belgium,2001,10263414.0
284,Belgium,2002,10309725.0
285,Belgium,2003,10355844.0
286,Belgium,2004,10396421.0
287,Belgium,2005,10445852.0
288,Belgium,2006,10511382.0
289,Belgium,2007,10584534.0
290,Belgium,2008,10666866.0
291,Belgium,2009,10753080.0
292,Belgium,2010,10839905.0
293,Belgium,2011,11000638.0
294,Belgium,2012,11075889.0
295,Belgium,2013,11137974.0
296,Belgium,2014,11180840.0
297,Belgium,2015,11237274.0
298,Belgium,2016,11311117.0
299,Belgium,2017,11351727.0
300,Belgium,2018,11398589.0
301,Belgium,2019,11455519.0
302,Belgium,2020,11522440.0
303,Belgium,2021,11554767.0
304,Bulgaria,1960,7829246.0
305,Bulgaria,1961,7905502.0
306,Bulgaria,1962,7980734.0
307,Bulgaria,1963,8045158.0
308,Bulgaria,1964,8111132.0
309,Bulgaria,1965,8177547.0
310,Bulgaria,1966,8230788.0
311,Bulgaria,1967,8285325.0
312,Bulgaria,1968,8335126.0
313,Bulgaria,1969,8404080.0
314,Bulgaria,1970,8464264.0
315,Bulgaria,1971,8514883.0
316,Bulgaria,1972,8557906.0
317,Bulgaria,1973,8594493.0
318,Bulgaria,1974,8647440.0
319,Bulgaria,1975,8710049.0
320,Bulgaria,1976,8731434.0
321,Bulgaria,1977,8785763.0
322,Bulgaria,1978,8822602.0
323,Bulgaria,1979,8805462.0
324,Bulgaria,1980,8846417.0
325,Bulgaria,1981,8876652.0
326,Bulgaria,1982,8905581.0
327,Bulgaria,1983,8929332.0
328,Bulgaria,1984,8950144.0
329,Bulgaria,1985,8971214.0
330,Bulgaria,1986,8949880.0
331,Bulgaria,1987,8966462.0
332,Bulgaria,1988,8976255.0
333,Bulgaria,1989,8986636.0
334,Bulgaria,1990,8767308.0
335,Bulgaria,1991,8669269.0
336,Bulgaria,1992,8595465.0
337,Bulgaria,1993,8484863.0
338,Bulgaria,1994,8459763.0
339,Bulgaria,1995,8427418.0
340,Bulgaria,1996,8384715.0
341,Bulgaria,1997,8340936.0
342,Bulgaria,1998,8283200.0
343,Bulgaria,1999,8230371.0
344,Bulgaria,2000,8190876.0
345,Bulgaria,2001,8149468.0
346,Bulgaria,2002,7868815.0
347,Bulgaria,2003,7805506.0
348,Bulgaria,2004,7745147.0
349,Bulgaria,2005,7688573.0
350,Bulgaria,2006,7629371.0
351,Bulgaria,2007,7572673.0
352,Bulgaria,2008,7518002.0
353,Bulgaria,2009,7467119.0
354,Bulgaria,2010,7421766.0
355,Bulgaria,2011,7369431.0
356,Bulgaria,2012,7327224.0
357,Bulgaria,2013,7284552.0
358,Bulgaria,2014,7245677.0
359,Bulgaria,2015,7202198.0
360,Bulgaria,2016,7153784.0
361,Bulgaria,2017,7101859.0
362,Bulgaria,2018,7050034.0
363,Bulgaria,2019,7000039.0
364,Bulgaria,2020,6951482.0
365,Bulgaria,2021,6916548.0
366,Belarus,2000,10019480.0
367,Belarus,2001,9990435.0
368,Belarus,2002,9950941.0
369,Belarus,2003,9898590.0
370,Belarus,2004,9849062.0
371,Belarus,2005,9800073.0
372,Belarus,2006,9750540.0
373,Belarus,2007,9714461.0
374,Belarus,2008,9689770.0
375,Belarus,2009,9671912.0
376,Belarus,2010,9480178.0
377,Belarus,2011,9481193.0
378,Belarus,2012,9465150.0
379,Belarus,2013,9463840.0
380,Belarus,2014,9468154.0
381,Belarus,2015,9480868.0
382,Belarus,2016,9498364.0
383,Belarus,2017,9504704.0
384,Belarus,2018,9491823.0
385,Belarus,2019,9475174.0
386,Switzerland,1960,5295500.0
387,Switzerland,1961,5360153.0
388,Switzerland,1962,5508435.0
389,Switzerland,1963,5639195.0
390,Switzerland,1964,5749299.0
391,Switzerland,1965,5829156.0
392,Switzerland,1966,5883788.0
393,Switzerland,1967,5952216.0
394,Switzerland,1968,6031353.0
395,Switzerland,1969,6104074.0
396,Switzerland,1970,6168700.0
397,Switzerland,1971,6193054.0
398,Switzerland,1972,6233744.0
399,Switzerland,1973,6288168.0
400,Switzerland,1974,6326525.0
401,Switzerland,1975,6356285.0
402,Switzerland,1976,6320978.0
403,Switzerland,1977,6284029.0
404,Switzerland,1978,6278319.0
405,Switzerland,1979,6285156.0
406,Switzerland,1980,6303573.0
407,Switzerland,1981,6335243.0
408,Switzerland,1982,6372904.0
409,Switzerland,1983,6409713.0
410,Switzerland,1984,6427833.0
411,Switzerland,1985,6455896.0
412,Switzerland,1986,6484834.0
413,Switzerland,1987,6523413.0
414,Switzerland,1988,6566799.0
415,Switzerland,1989,6619973.0
416,Switzerland,1990,6673850.0
417,Switzerland,1991,6757188.0
418,Switzerland,1992,6842768.0
419,Switzerland,1993,6907959.0
420,Switzerland,1994,6968570.0
421,Switzerland,1995,7019019.0
422,Switzerland,1996,7062354.0
423,Switzerland,1997,7081346.0
424,Switzerland,1998,7096465.0
425,Switzerland,1999,7123537.0
426,Switzerland,2000,7164444.0
427,Switzerland,2001,7204055.0
428,Switzerland,2002,7255653.0
429,Switzerland,2003,7313853.0
430,Switzerland,2004,7364148.0
431,Switzerland,2005,7415102.0
432,Switzerland,2006,7459128.0
433,Switzerland,2007,7508739.0
434,Switzerland,2008,7593494.0
435,Switzerland,2009,7701856.0
436,Switzerland,2010,7785806.0
437,Switzerland,2011,7870134.0
438,Switzerland,2012,7954662.0
439,Switzerland,2013,8039060.0
440,Switzerland,2014,8139631.0
441,Switzerland,2015,8237666.0
442,Switzerland,2016,8327126.0
443,Switzerland,2017,8419550.0
444,Switzerland,2018,8484130.0
445,Switzerland,2019,8544527.0
446,Switzerland,2020,8606033.0
447,Switzerland,2021,8670300.0
448,Cyprus,1960,572000.0
449,Cyprus,1961,573566.0
450,Cyprus,1962,575900.0
451,Cyprus,1963,578900.0
452,Cyprus,1964,585500.0
453,Cyprus,1965,588400.0
454,Cyprus,1966,593200.0
455,Cyprus,1967,597100.0
456,Cyprus,1968,601800.0
457,Cyprus,1969,606800.0
458,Cyprus,1970,612000.0
459,Cyprus,1971,616900.0
460,Cyprus,1972,623100.0
461,Cyprus,1973,631778.0
462,Cyprus,1974,637800.0
463,Cyprus,1975,505700.0
464,Cyprus,1976,497879.0
465,Cyprus,1977,497600.0
466,Cyprus,1978,498000.0
467,Cyprus,1979,501300.0
468,Cyprus,1980,505800.0
469,Cyprus,1981,512300.0
470,Cyprus,1982,522845.0
471,Cyprus,1983,524623.0
472,Cyprus,1984,531518.0
473,Cyprus,1985,538397.0
474,Cyprus,1986,544605.0
475,Cyprus,1987,550888.0
476,Cyprus,1988,556584.0
477,Cyprus,1989,562693.0
478,Cyprus,1990,572655.0
479,Cyprus,1991,587141.0
480,Cyprus,1992,603069.0
481,Cyprus,1993,619231.0
482,Cyprus,1994,632944.0
483,Cyprus,1995,645399.0
484,Cyprus,1996,656333.0
485,Cyprus,1997,666313.0
486,Cyprus,1998,675215.0
487,Cyprus,1999,682862.0
488,Cyprus,2000,690497.0
489,Cyprus,2001,697549.0
490,Cyprus,2002,705539.0
491,Cyprus,2003,713720.0
492,Cyprus,2004,722893.0
493,Cyprus,2005,733067.0
494,Cyprus,2006,744013.0
495,Cyprus,2007,757916.0
496,Cyprus,2008,776333.0
497,Cyprus,2009,796930.0
498,Cyprus,2010,819140.0
499,Cyprus,2011,839751.0
500,Cyprus,2012,862011.0
501,Cyprus,2013,865878.0
502,Cyprus,2014,858000.0
503,Cyprus,2015,847008.0
504,Cyprus,2016,848319.0
505,Cyprus,2017,854802.0
506,Cyprus,2018,864236.0
507,Cyprus,2019,875899.0
508,Cyprus,2020,888005.0
509,Cyprus,2021,896007.0
510,Czechia,1960,9637840.0
511,Czechia,1961,9566172.0
512,Czechia,1962,9607129.0
513,Czechia,1963,9642191.0
514,Czechia,1964,9699179.0
515,Czechia,1965,9756429.0
516,Czechia,1966,9802287.0
517,Czechia,1967,9839792.0
518,Czechia,1968,9866006.0
519,Czechia,1969,9886686.0
520,Czechia,1970,9906474.0
521,Czechia,1971,9809667.0
522,Czechia,1972,9843962.0
523,Czechia,1973,9891302.0
524,Czechia,1974,9953230.0
525,Czechia,1975,10023688.0
526,Czechia,1976,10093551.0
527,Czechia,1977,10158327.0
528,Czechia,1978,10215183.0
529,Czechia,1979,10269012.0
530,Czechia,1980,10315669.0
531,Czechia,1981,10292717.0
532,Czechia,1982,10308465.0
533,Czechia,1983,10321186.0
534,Czechia,1984,10326526.0
535,Czechia,1985,10333900.0
536,Czechia,1986,10340335.0
537,Czechia,1987,10344119.0
538,Czechia,1988,10350517.0
539,Czechia,1989,10360034.0
540,Czechia,1990,10362102.0
541,Czechia,1991,10304607.0
542,Czechia,1992,10312548.0
543,Czechia,1993,10325697.0
544,Czechia,1994,10334013.0
545,Czechia,1995,10333161.0
546,Czechia,1996,10321344.0
547,Czechia,1997,10309137.0
548,Czechia,1998,10299125.0
549,Czechia,1999,10289621.0
550,Czechia,2000,10278098.0
551,Czechia,2001,10232027.0
552,Czechia,2002,10201182.0
553,Czechia,2003,10192649.0
554,Czechia,2004,10195347.0
555,Czechia,2005,10198855.0
556,Czechia,2006,10223577.0
557,Czechia,2007,10254233.0
558,Czechia,2008,10343422.0
559,Czechia,2009,10425783.0
560,Czechia,2010,10462088.0
561,Czechia,2011,10486731.0
562,Czechia,2012,10505445.0
563,Czechia,2013,10516125.0
564,Czechia,2014,10512419.0
565,Czechia,2015,10538275.0
566,Czechia,2016,10553843.0
567,Czechia,2017,10578820.0
568,Czechia,2018,10610055.0
569,Czechia,2019,10649800.0
570,Czechia,2020,10693939.0
571,Czechia,2021,10701777.0
572,Germany,1960,72542990.0
573,Germany,1961,73086809.0
574,Germany,1962,73668454.0
575,Germany,1963,74383113.0
576,Germany,1964,75045592.0
577,Germany,1965,75591082.0
578,Germany,1966,76336308.0
579,Germany,1967,76864314.0
580,Germany,1968,77038358.0
581,Germany,1969,77550269.0
582,Germany,1970,78269095.0
583,Germany,1971,78069482.0
584,Germany,1972,78556202.0
585,Germany,1973,78820701.0
586,Germany,1974,79052630.0
587,Germany,1975,78882235.0
588,Germany,1976,78464873.0
589,Germany,1977,78209026.0
590,Germany,1978,78110602.0
591,Germany,1979,78073038.0
592,Germany,1980,78179662.0
593,Germany,1981,78397490.0
594,Germany,1982,78418324.0
595,Germany,1983,78248407.0
596,Germany,1984,78008156.0
597,Germany,1985,77709213.0
598,Germany,1986,77660533.0
599,Germany,1987,77780338.0
600,Germany,1988,77899502.0
601,Germany,1989,78389735.0
602,Germany,1990,79112831.0
603,Germany,1991,79753227.0
604,Germany,1992,80274564.0
605,Germany,1993,80974632.0
606,Germany,1994,81338093.0
607,Germany,1995,81538603.0
608,Germany,1996,81817499.0
609,Germany,1997,82012162.0
610,Germany,1998,82057379.0
611,Germany,1999,82037011.0
612,Germany,2000,82163475.0
613,Germany,2001,82259540.0
614,Germany,2002,82440309.0
615,Germany,2003,82536680.0
616,Germany,2004,82531671.0
617,Germany,2005,82500849.0
618,Germany,2006,82437995.0
619,Germany,2007,82314906.0
620,Germany,2008,82217837.0
621,Germany,2009,82002356.0
622,Germany,2010,81802257.0
623,Germany,2011,80222065.0
624,Germany,2012,80327900.0
625,Germany,2013,80523746.0
626,Germany,2014,80767463.0
627,Germany,2015,81197537.0
628,Germany,2016,82175684.0
629,Germany,2017,82521653.0
630,Germany,2018,82792351.0
631,Germany,2019,83019213.0
632,Germany,2020,83166711.0
633,Germany,2021,83155031.0
634,Denmark,1960,4565455.0
635,Denmark,1961,4593750.0
636,Denmark,1962,4629624.0
637,Denmark,1963,4665829.0
638,Denmark,1964,4703136.0
639,Denmark,1965,4741008.0
640,Denmark,1966,4777015.0
641,Denmark,1967,4817746.0
642,Denmark,1968,4852962.0
643,Denmark,1969,4876803.0
644,Denmark,1970,4906916.0
645,Denmark,1971,4950598.0
646,Denmark,1972,4975653.0
647,Denmark,1973,5007538.0
648,Denmark,1974,5036184.0
649,Denmark,1975,5054410.0
650,Denmark,1976,5065313.0
651,Denmark,1977,5079879.0
652,Denmark,1978,5096959.0
653,Denmark,1979,5111537.0
654,Denmark,1980,5122065.0
655,Denmark,1981,5123989.0
656,Denmark,1982,5119155.0
657,Denmark,1983,5116464.0
658,Denmark,1984,5112130.0
659,Denmark,1985,5111108.0
660,Denmark,1986,5116273.0
661,Denmark,1987,5124794.0
662,Denmark,1988,5129254.0
663,Denmark,1989,5129778.0
664,Denmark,1990,5135409.0
665,Denmark,1991,5146469.0
666,Denmark,1992,5162126.0
667,Denmark,1993,5180614.0
668,Denmark,1994,5196642.0
669,Denmark,1995,5215718.0
670,Denmark,1996,5251027.0
671,Denmark,1997,5275121.0
672,Denmark,1998,5294860.0
673,Denmark,1999,5313577.0
674,Denmark,2000,5330020.0
675,Denmark,2001,5349212.0
676,Denmark,2002,5368354.0
677,Denmark,2003,5383507.0
678,Denmark,2004,5397640.0
679,Denmark,2005,5411405.0
680,Denmark,2006,5427459.0
681,Denmark,2007,5447084.0
682,Denmark,2008,5475791.0
683,Denmark,2009,5511451.0
684,Denmark,2010,5534738.0
685,Denmark,2011,5560628.0
686,Denmark,2012,5580516.0
687,Denmark,2013,5602628.0
688,Denmark,2014,5627235.0
689,Denmark,2015,5659715.0
690,Denmark,2016,5707251.0
691,Denmark,2017,5748769.0
692,Denmark,2018,5781190.0
693,Denmark,2019,5806081.0
694,Denmark,2020,5822763.0
695,Denmark,2021,5840045.0
696,Estonia,1960,1206362.0
697,Estonia,1961,1216712.0
698,Estonia,1962,1233441.0
699,Estonia,1963,1249804.0
700,Estonia,1964,1267910.0
701,Estonia,1965,1286262.0
702,Estonia,1966,1302870.0
703,Estonia,1967,1314323.0
704,Estonia,1968,1323569.0
705,Estonia,1969,1338858.0
706,Estonia,1970,1351640.0
707,Estonia,1971,1368511.0
708,Estonia,1972,1385399.0
709,Estonia,1973,1399637.0
710,Estonia,1974,1412265.0
711,Estonia,1975,1424073.0
712,Estonia,1976,1434630.0
713,Estonia,1977,1444522.0
714,Estonia,1978,1455900.0
715,Estonia,1979,1464476.0
716,Estonia,1980,1472190.0
717,Estonia,1981,1482247.0
718,Estonia,1982,1493085.0
719,Estonia,1983,1503743.0
720,Estonia,1984,1513747.0
721,Estonia,1985,1523486.0
722,Estonia,1986,1534076.0
723,Estonia,1987,1546304.0
724,Estonia,1988,1558137.0
725,Estonia,1989,1565662.0
726,Estonia,1990,1570599.0
727,Estonia,1991,1567749.0
728,Estonia,1992,1554878.0
729,Estonia,1993,1511303.0
730,Estonia,1994,1476952.0
731,Estonia,1995,1448075.0
732,Estonia,1996,1425192.0
733,Estonia,1997,1405996.0
734,Estonia,1998,1393074.0
735,Estonia,1999,1379237.0
736,Estonia,2000,1401250.0
737,Estonia,2001,1392720.0
738,Estonia,2002,1383510.0
739,Estonia,2003,1375190.0
740,Estonia,2004,1366250.0
741,Estonia,2005,1358850.0
742,Estonia,2006,1350700.0
743,Estonia,2007,1342920.0
744,Estonia,2008,1338440.0
745,Estonia,2009,1335740.0
746,Estonia,2010,1333290.0
747,Estonia,2011,1329660.0
748,Estonia,2012,1325217.0
749,Estonia,2013,1320174.0
750,Estonia,2014,1315819.0
751,Estonia,2015,1314870.0
752,Estonia,2016,1315944.0
753,Estonia,2017,1315635.0
754,Estonia,2018,1319133.0
755,Estonia,2019,1324820.0
756,Estonia,2020,1328976.0
757,Estonia,2021,1330068.0
758,Greece,1960,8300399.0
759,Greece,1961,8363050.0
760,Greece,1962,8433050.0
761,Greece,1963,8463416.0
762,Greece,1964,8495834.0
763,Greece,1965,8525024.0
764,Greece,1966,8575642.0
765,Greece,1967,8651660.0
766,Greece,1968,8716516.0
767,Greece,1969,8765014.0
768,Greece,1970,8780514.0
769,Greece,1971,8805098.0
770,Greece,1972,8856974.0
771,Greece,1973,8920282.0
772,Greece,1974,8937890.0
773,Greece,1975,8986153.0
774,Greece,1976,9106928.0
775,Greece,1977,9269372.0
776,Greece,1978,9347586.0
777,Greece,1979,9512332.0
778,Greece,1980,9584184.0
779,Greece,1981,9700826.0
780,Greece,1982,9757874.0
781,Greece,1983,9821152.0
782,Greece,1984,9872102.0
783,Greece,1985,9919500.0
784,Greece,1986,9949100.0
785,Greece,1987,9985326.0
786,Greece,1988,10015863.0
787,Greece,1989,10058103.0
788,Greece,1990,10120892.0
789,Greece,1991,10272691.0
790,Greece,1992,10367163.0
791,Greece,1993,10430958.0
792,Greece,1994,10489871.0
793,Greece,1995,10535973.0
794,Greece,1996,10588332.0
795,Greece,1997,10629267.0
796,Greece,1998,10693250.0
797,Greece,1999,10747768.0
798,Greece,2000,10775627.0
799,Greece,2001,10835989.0
800,Greece,2002,10888274.0
801,Greece,2003,10915770.0
802,Greece,2004,10940369.0
803,Greece,2005,10969912.0
804,Greece,2006,11004716.0
805,Greece,2007,11036008.0
806,Greece,2008,11060937.0
807,Greece,2009,11094745.0
808,Greece,2010,11119289.0
809,Greece,2011,11123392.0
810,Greece,2012,11086406.0
811,Greece,2013,11003615.0
812,Greece,2014,10926807.0
813,Greece,2015,10858018.0
814,Greece,2016,10783748.0
815,Greece,2017,10768193.0
816,Greece,2018,10741165.0
817,Greece,2019,10724599.0
818,Greece,2020,10718565.0
819,Greece,2021,10678632.0
820,Spain,1960,30327000.0
821,Spain,1961,30583000.0
822,Spain,1962,30895500.0
823,Spain,1963,31151231.0
824,Spain,1964,31442070.0
825,Spain,1965,31776320.0
826,Spain,1966,32132264.0
827,Spain,1967,32434123.0
828,Spain,1968,32931771.0
829,Spain,1969,33294497.0
830,Spain,1970,33587610.0
831,Spain,1971,34040642.0
832,Spain,1972,34408338.0
833,Spain,1973,34800600.0
834,Spain,1974,35177294.0
835,Spain,1975,35569375.0
836,Spain,1976,35946425.0
837,Spain,1977,36329199.0
838,Spain,1978,36694077.0
839,Spain,1979,37035719.0
840,Spain,1980,37346940.0
841,Spain,1981,37635389.0
842,Spain,1982,37881873.0
843,Spain,1983,38090151.0
844,Spain,1984,38252899.0
845,Spain,1985,38407829.0
846,Spain,1986,38531195.0
847,Spain,1987,38638052.0
848,Spain,1988,38731578.0
849,Spain,1989,38802300.0
850,Spain,1990,38853227.0
851,Spain,1991,38881416.0
852,Spain,1992,39051336.0
853,Spain,1993,39264034.0
854,Spain,1994,39458489.0
855,Spain,1995,39639726.0
856,Spain,1996,39808374.0
857,Spain,1997,39971329.0
858,Spain,1998,40143449.0
859,Spain,1999,40303568.0
860,Spain,2000,40470182.0
861,Spain,2001,40665545.0
862,Spain,2002,41035278.0
863,Spain,2003,41827838.0
864,Spain,2004,42547451.0
865,Spain,2005,43296338.0
866,Spain,2006,44009971.0
867,Spain,2007,44784666.0
868,Spain,2008,45668939.0
869,Spain,2009,46239273.0
870,Spain,2010,46486619.0
871,Spain,2011,46667174.0
872,Spain,2012,46818219.0
873,Spain,2013,46727890.0
874,Spain,2014,46512199.0
875,Spain,2015,46449565.0
876,Spain,2016,46440099.0
877,Spain,2017,46528024.0
878,Spain,2018,46658447.0
879,Spain,2019,46937060.0
880,Spain,2020,47332614.0
881,Spain,2021,47398695.0
882,Finland,1960,4413046.0
883,Finland,1961,4446222.0
884,Finland,1962,4475787.0
885,Finland,1963,4507098.0
886,Finland,1964,4539519.0
887,Finland,1965,4557567.0
888,Finland,1966,4569896.0
889,Finland,1967,4591842.0
890,Finland,1968,4619645.0
891,Finland,1969,4633292.0
892,Finland,1970,4614277.0
893,Finland,1971,4598336.0
894,Finland,1972,4625912.0
895,Finland,1973,4653401.0
896,Finland,1974,4678761.0
897,Finland,1975,4702387.0
898,Finland,1976,4720492.0
899,Finland,1977,4730836.0
900,Finland,1978,4746967.0
901,Finland,1979,4758088.0
902,Finland,1980,4771292.0
903,Finland,1981,4787778.0
904,Finland,1982,4812150.0
905,Finland,1983,4841715.0
906,Finland,1984,4869858.0
907,Finland,1985,4893748.0
908,Finland,1986,4910664.0
909,Finland,1987,4925644.0
910,Finland,1988,4938602.0
911,Finland,1989,4954359.0
912,Finland,1990,4974383.0
913,Finland,1991,4998478.0
914,Finland,1992,5029002.0
915,Finland,1993,5054982.0
916,Finland,1994,5077912.0
917,Finland,1995,5098754.0
918,Finland,1996,5116826.0
919,Finland,1997,5132320.0
920,Finland,1998,5147349.0
921,Finland,1999,5159646.0
922,Finland,2000,5171302.0
923,Finland,2001,5181115.0
924,Finland,2002,5194901.0
925,Finland,2003,5206295.0
926,Finland,2004,5219732.0
927,Finland,2005,5236611.0
928,Finland,2006,5255580.0
929,Finland,2007,5276955.0
930,Finland,2008,5300484.0
931,Finland,2009,5326314.0
932,Finland,2010,5351427.0
933,Finland,2011,5375276.0
934,Finland,2012,5401267.0
935,Finland,2013,5426674.0
936,Finland,2014,5451270.0
937,Finland,2015,5471753.0
938,Finland,2016,5487308.0
939,Finland,2017,5503297.0
940,Finland,2018,5513130.0
941,Finland,2019,5517919.0
942,Finland,2020,5525292.0
943,Finland,2021,5533793.0
944,France,1991,58313439.0
945,France,1992,58604851.0
946,France,1993,58885929.0
947,France,1994,59104320.0
948,France,1995,59315139.0
949,France,1996,59522297.0
950,France,1997,59726386.0
951,France,1998,59934884.0
952,France,1999,60158533.0
953,France,2000,60545022.0
954,France,2001,60979315.0
955,France,2002,61424036.0
956,France,2003,61864088.0
957,France,2004,62292241.0
958,France,2005,62772870.0
959,France,2006,63229635.0
960,France,2007,63645065.0
961,France,2008,64007193.0
962,France,2009,64350226.0
963,France,2010,64658856.0
964,France,2011,64978721.0
965,France,2012,65276983.0
966,France,2013,65600350.0
967,France,2014,66165980.0
968,France,2015,66458153.0
969,France,2016,66638391.0
970,France,2017,66809816.0
971,France,2018,67026224.0
972,France,2019,67177636.0
973,France,2020,67320216.0
974,France,2021,67656682.0
975,Georgia,2000,4435200.0
976,Georgia,2001,4401400.0
977,Georgia,2002,4371500.0
978,Georgia,2003,4352600.0
979,Georgia,2004,4315200.0
980,Georgia,2005,4321500.0
981,Georgia,2006,4401292.0
982,Georgia,2007,4394702.0
983,Georgia,2008,4382070.0
984,Georgia,2009,4385429.0
985,Georgia,2010,4436391.0
986,Georgia,2011,4469250.0
987,Georgia,2012,4497617.0
988,Georgia,2014,4490498.0
989,Georgia,2015,3729500.0
990,Georgia,2016,3720400.0
991,Georgia,2017,3718200.0
992,Georgia,2018,3729633.0
993,Georgia,2019,3723464.0
994,Georgia,2020,3716858.0
995,Georgia,2021,3728573.0
996,Croatia,1960,4127422.0
997,Croatia,1961,4152939.0
998,Croatia,1962,4181645.0
999,Croatia,1963,4211778.0
1000,Croatia,1964,4239572.0
1001,Croatia,1965,4266180.0
1002,Croatia,1966,4295665.0
1003,Croatia,1967,4325736.0
1004,Croatia,1968,4351629.0
1005,Croatia,1969,4379627.0
1006,Croatia,1970,4403352.0
1007,Croatia,1971,4421151.0
1008,Croatia,1972,4441399.0
1009,Croatia,1973,4459729.0
1010,Croatia,1974,4480592.0
1011,Croatia,1975,4500727.0
1012,Croatia,1976,4523436.0
1013,Croatia,1977,4548432.0
1014,Croatia,1978,4570709.0
1015,Croatia,1979,4591460.0
1016,Croatia,1980,4598095.0
1017,Croatia,1981,4601469.0
1018,Croatia,1982,4621548.0
1019,Croatia,1983,4646921.0
1020,Croatia,1984,4669587.0
1021,Croatia,1985,4690983.0
1022,Croatia,1986,4711852.0
1023,Croatia,1987,4731041.0
1024,Croatia,1988,4748450.0
1025,Croatia,1989,4761965.0
1026,Croatia,1990,4772556.0
1027,Croatia,1991,4782179.0
1028,Croatia,1992,4595865.0
1029,Croatia,1993,4555771.0
1030,Croatia,1994,4645155.0
1031,Croatia,1995,4658893.0
1032,Croatia,1996,4581167.0
1033,Croatia,1997,4533028.0
1034,Croatia,1998,4536812.0
1035,Croatia,1999,4527460.0
1036,Croatia,2000,4497735.0
1037,Croatia,2001,4295406.0
1038,Croatia,2002,4305494.0
1039,Croatia,2003,4305384.0
1040,Croatia,2004,4305725.0
1041,Croatia,2005,4310861.0
1042,Croatia,2006,4312487.0
1043,Croatia,2007,4313530.0
1044,Croatia,2008,4311967.0
1045,Croatia,2009,4309796.0
1046,Croatia,2010,4302847.0
1047,Croatia,2011,4289857.0
1048,Croatia,2012,4275984.0
1049,Croatia,2013,4262140.0
1050,Croatia,2014,4246809.0
1051,Croatia,2015,4225316.0
1052,Croatia,2016,4190669.0
1053,Croatia,2017,4154213.0
1054,Croatia,2018,4105493.0
1055,Croatia,2019,4076246.0
1056,Croatia,2020,4058165.0
1057,Croatia,2021,4036355.0
1058,Hungary,1960,9961044.0
1059,Hungary,1961,10005980.0
1060,Hungary,1962,10049935.0
1061,Hungary,1963,10071715.0
1062,Hungary,1964,10104179.0
1063,Hungary,1965,10135490.0
1064,Hungary,1966,10160380.0
1065,Hungary,1967,10196926.0
1066,Hungary,1968,10236282.0
1067,Hungary,1969,10275347.0
1068,Hungary,1970,10322099.0
1069,Hungary,1971,10353721.0
1070,Hungary,1972,10381352.0
1071,Hungary,1973,10415626.0
1072,Hungary,1974,10448484.0
1073,Hungary,1975,10508956.0
1074,Hungary,1976,10572094.0
1075,Hungary,1977,10625259.0
1076,Hungary,1978,10670802.0
1077,Hungary,1979,10698841.0
1078,Hungary,1980,10709463.0
1079,Hungary,1981,10712781.0
1080,Hungary,1982,10710914.0
1081,Hungary,1983,10700155.0
1082,Hungary,1984,10678770.0
1083,Hungary,1985,10657420.0
1084,Hungary,1986,10640006.0
1085,Hungary,1987,10621121.0
1086,Hungary,1988,10604360.0
1087,Hungary,1989,10588614.0
1088,Hungary,1990,10374823.0
1089,Hungary,1991,10373153.0
1090,Hungary,1992,10373647.0
1091,Hungary,1993,10365035.0
1092,Hungary,1994,10350010.0
1093,Hungary,1995,10336700.0
1094,Hungary,1996,10321229.0
1095,Hungary,1997,10301247.0
1096,Hungary,1998,10279724.0
1097,Hungary,1999,10253416.0
1098,Hungary,2000,10221644.0
1099,Hungary,2001,10200298.0
1100,Hungary,2002,10174853.0
1101,Hungary,2003,10142362.0
1102,Hungary,2004,10116742.0
1103,Hungary,2005,10097549.0
1104,Hungary,2006,10076581.0
1105,Hungary,2007,10066158.0
1106,Hungary,2008,10045401.0
1107,Hungary,2009,10030975.0
1108,Hungary,2010,10014324.0
1109,Hungary,2011,9985722.0
1110,Hungary,2012,9931925.0
1111,Hungary,2013,9908798.0
1112,Hungary,2014,9877365.0
1113,Hungary,2015,9855571.0
1114,Hungary,2016,9830485.0
1115,Hungary,2017,9797561.0
1116,Hungary,2018,9778371.0
1117,Hungary,2019,9772756.0
1118,Hungary,2020,9769526.0
1119,Hungary,2021,9730772.0
1120,Ireland,1960,2835500.0
1121,Ireland,1961,2821700.0
1122,Ireland,1962,2827100.0
1123,Ireland,1963,2845000.0
1124,Ireland,1964,2860300.0
1125,Ireland,1965,2872800.0
1126,Ireland,1966,2881800.0
1127,Ireland,1967,2895800.0
1128,Ireland,1968,2909100.0
1129,Ireland,1969,2922000.0
1130,Ireland,1970,2943300.0
1131,Ireland,1971,2971200.0
1132,Ireland,1972,3012900.0
1133,Ireland,1973,3060800.0
1134,Ireland,1974,3111100.0
1135,Ireland,1975,3163900.0
1136,Ireland,1976,3215200.0
1137,Ireland,1977,3260900.0
1138,Ireland,1978,3303500.0
1139,Ireland,1979,3354700.0
1140,Ireland,1980,3392800.0
1141,Ireland,1981,3432800.0
1142,Ireland,1982,3473200.0
1143,Ireland,1983,3498400.0
1144,Ireland,1984,3522800.0
1145,Ireland,1985,3542046.0
1146,Ireland,1986,3534117.0
1147,Ireland,1987,3545263.0
1148,Ireland,1988,3534850.0
1149,Ireland,1989,3515048.0
1150,Ireland,1990,3506970.0
1151,Ireland,1991,3520977.0
1152,Ireland,1992,3547492.0
1153,Ireland,1993,3569367.0
1154,Ireland,1994,3583154.0
1155,Ireland,1995,3597617.0
1156,Ireland,1996,3620065.0
1157,Ireland,1997,3654955.0
1158,Ireland,1998,3693386.0
1159,Ireland,1999,3732006.0
1160,Ireland,2000,3777565.0
1161,Ireland,2001,3832783.0
1162,Ireland,2002,3899702.0
1163,Ireland,2003,3964191.0
1164,Ireland,2004,4028851.0
1165,Ireland,2005,4111672.0
1166,Ireland,2006,4208156.0
1167,Ireland,2007,4340118.0
1168,Ireland,2008,4457765.0
1169,Ireland,2009,4521322.0
1170,Ireland,2010,4549428.0
1171,Ireland,2011,4570881.0
1172,Ireland,2012,4589287.0
1173,Ireland,2013,4609779.0
1174,Ireland,2014,4637852.0
1175,Ireland,2015,4677627.0
1176,Ireland,2016,4726286.0
1177,Ireland,2017,4784383.0
1178,Ireland,2018,4830392.0
1179,Ireland,2019,4904240.0
1180,Ireland,2020,4964440.0
1181,Ireland,2021,5006324.0
1182,Iceland,1960,173855.0
1183,Iceland,1961,177292.0
1184,Iceland,1962,180765.0
1185,Iceland,1963,183991.0
1186,Iceland,1964,187314.0
1187,Iceland,1965,190652.0
1188,Iceland,1966,193919.0
1189,Iceland,1967,197221.0
1190,Iceland,1968,200281.0
1191,Iceland,1969,202695.0
1192,Iceland,1970,204042.0
1193,Iceland,1971,204834.0
1194,Iceland,1972,207361.0
1195,Iceland,1973,210912.0
1196,Iceland,1974,213722.0
1197,Iceland,1975,216695.0
1198,Iceland,1976,219262.0
1199,Iceland,1977,221046.0
1200,Iceland,1978,222552.0
1201,Iceland,1979,224522.0
1202,Iceland,1980,226948.0
1203,Iceland,1981,229327.0
1204,Iceland,1982,232182.0
1205,Iceland,1983,235537.0
1206,Iceland,1984,238416.0
1207,Iceland,1985,240606.0
1208,Iceland,1986,242203.0
1209,Iceland,1987,244157.0
1210,Iceland,1988,247561.0
1211,Iceland,1989,251919.0
1212,Iceland,1990,253785.0
1213,Iceland,1991,255866.0
1214,Iceland,1992,259727.0
1215,Iceland,1993,262386.0
1216,Iceland,1994,265064.0
1217,Iceland,1995,266978.0
1218,Iceland,1996,267958.0
1219,Iceland,1997,269874.0
1220,Iceland,1998,272381.0
1221,Iceland,1999,275712.0
1222,Iceland,2000,279049.0
1223,Iceland,2001,283361.0
1224,Iceland,2002,286575.0
1225,Iceland,2003,288471.0
1226,Iceland,2004,290570.0
1227,Iceland,2005,293577.0
1228,Iceland,2006,299891.0
1229,Iceland,2007,307672.0
1230,Iceland,2008,315459.0
1231,Iceland,2009,319368.0
1232,Iceland,2010,317630.0
1233,Iceland,2011,318452.0
1234,Iceland,2012,319575.0
1235,Iceland,2013,321857.0
1236,Iceland,2014,325671.0
1237,Iceland,2015,329100.0
1238,Iceland,2016,332529.0
1239,Iceland,2017,338349.0
1240,Iceland,2018,348450.0
1241,Iceland,2019,356991.0
1242,Iceland,2020,364134.0
1243,Iceland,2021,368792.0
1244,Italy,1960,50025500.0
1245,Italy,1961,50373900.0
1246,Italy,1962,50698800.0
1247,Italy,1963,51060100.0
1248,Italy,1964,51443900.0
1249,Italy,1965,51906800.0
1250,Italy,1966,52317900.0
1251,Italy,1967,52720100.0
1252,Italy,1968,53080900.0
1253,Italy,1969,53390600.0
1254,Italy,1970,53685300.0
1255,Italy,1971,53958400.0
1256,Italy,1972,54188579.0
1257,Italy,1973,54574111.0
1258,Italy,1974,54928700.0
1259,Italy,1975,55293036.0
1260,Italy,1976,55588966.0
1261,Italy,1977,55847553.0
1262,Italy,1978,56063269.0
1263,Italy,1979,56247017.0
1264,Italy,1980,56388480.0
1265,Italy,1981,56479285.0
1266,Italy,1982,56524064.0
1267,Italy,1983,56563031.0
1268,Italy,1984,56565117.0
1269,Italy,1985,56588319.0
1270,Italy,1986,56597823.0
1271,Italy,1987,56594487.0
1272,Italy,1988,56609375.0
1273,Italy,1989,56649201.0
1274,Italy,1990,56694360.0
1275,Italy,1991,56744119.0
1276,Italy,1992,56772923.0
1277,Italy,1993,56821250.0
1278,Italy,1994,56842392.0
1279,Italy,1995,56844408.0
1280,Italy,1996,56844197.0
1281,Italy,1997,56876364.0
1282,Italy,1998,56904379.0
1283,Italy,1999,56909109.0
1284,Italy,2000,56923524.0
1285,Italy,2001,56960692.0
1286,Italy,2002,56987507.0
1287,Italy,2003,57130506.0
1288,Italy,2004,57495900.0
1289,Italy,2005,57874753.0
1290,Italy,2006,58064214.0
1291,Italy,2007,58223744.0
1292,Italy,2008,58652875.0
1293,Italy,2009,59000586.0
1294,Italy,2010,59190143.0
1295,Italy,2011,59364690.0
1296,Italy,2012,59394207.0
1297,Italy,2013,59685227.0
1298,Italy,2014,60782668.0
1299,Italy,2015,60795612.0
1300,Italy,2016,60665551.0
1301,Italy,2017,60589445.0
1302,Italy,2018,60483973.0
1303,Italy,2019,59816673.0
1304,Italy,2020,59641488.0
1305,Italy,2021,59236213.0
1306,Liechtenstein,1960,16274.0
1307,Liechtenstein,1961,16628.0
1308,Liechtenstein,1962,17125.0
1309,Liechtenstein,1963,17761.0
1310,Liechtenstein,1964,18425.0
1311,Liechtenstein,1965,19085.0
1312,Liechtenstein,1966,19304.0
1313,Liechtenstein,1967,19916.0
1314,Liechtenstein,1968,20433.0
1315,Liechtenstein,1969,21237.0
1316,Liechtenstein,1970,20930.0
1317,Liechtenstein,1971,21350.0
1318,Liechtenstein,1972,21850.0
1319,Liechtenstein,1973,22414.0
1320,Liechtenstein,1974,23156.0
1321,Liechtenstein,1975,23745.0
1322,Liechtenstein,1976,23947.0
1323,Liechtenstein,1977,24169.0
1324,Liechtenstein,1978,24715.0
1325,Liechtenstein,1979,25340.0
1326,Liechtenstein,1980,25809.0
1327,Liechtenstein,1981,25215.0
1328,Liechtenstein,1982,26130.0
1329,Liechtenstein,1983,26380.0
1330,Liechtenstein,1984,26512.0
1331,Liechtenstein,1985,26680.0
1332,Liechtenstein,1986,27076.0
1333,Liechtenstein,1987,27399.0
1334,Liechtenstein,1988,27714.0
1335,Liechtenstein,1989,28181.0
1336,Liechtenstein,1990,28452.0
1337,Liechtenstein,1991,29032.0
1338,Liechtenstein,1992,29386.0
1339,Liechtenstein,1993,29868.0
1340,Liechtenstein,1994,30310.0
1341,Liechtenstein,1995,30629.0
1342,Liechtenstein,1996,30923.0
1343,Liechtenstein,1997,31143.0
1344,Liechtenstein,1998,31320.0
1345,Liechtenstein,1999,32015.0
1346,Liechtenstein,2000,32426.0
1347,Liechtenstein,2001,32863.0
1348,Liechtenstein,2002,33525.0
1349,Liechtenstein,2003,33863.0
1350,Liechtenstein,2004,34294.0
1351,Liechtenstein,2005,34600.0
1352,Liechtenstein,2006,34905.0
1353,Liechtenstein,2007,35168.0
1354,Liechtenstein,2008,35356.0
1355,Liechtenstein,2009,35589.0
1356,Liechtenstein,2010,35894.0
1357,Liechtenstein,2011,36149.0
1358,Liechtenstein,2012,36475.0
1359,Liechtenstein,2013,36838.0
1360,Liechtenstein,2014,37129.0
1361,Liechtenstein,2015,37366.0
1362,Liechtenstein,2016,37622.0
1363,Liechtenstein,2017,37810.0
1364,Liechtenstein,2018,38114.0
1365,Liechtenstein,2019,38378.0
1366,Liechtenstein,2020,38747.0
1367,Liechtenstein,2021,39055.0
1368,Lithuania,1960,2755600.0
1369,Lithuania,1961,2801500.0
1370,Lithuania,1962,2845600.0
1371,Lithuania,1963,2881100.0
1372,Lithuania,1964,2916800.0
1373,Lithuania,1965,2953600.0
1374,Lithuania,1966,2989300.0
1375,Lithuania,1967,3026800.0
1376,Lithuania,1968,3062000.0
1377,Lithuania,1969,3095700.0
1378,Lithuania,1970,3118941.0
1379,Lithuania,1971,3160437.0
1380,Lithuania,1972,3197645.0
1381,Lithuania,1973,3229598.0
1382,Lithuania,1974,3259277.0
1383,Lithuania,1975,3288510.0
1384,Lithuania,1976,3314794.0
1385,Lithuania,1977,3342533.0
1386,Lithuania,1978,3367538.0
1387,Lithuania,1979,3391490.0
1388,Lithuania,1980,3404194.0
1389,Lithuania,1981,3422210.0
1390,Lithuania,1982,3443684.0
1391,Lithuania,1983,3470673.0
1392,Lithuania,1984,3499711.0
1393,Lithuania,1985,3528698.0
1394,Lithuania,1986,3560388.0
1395,Lithuania,1987,3597439.0
1396,Lithuania,1988,3635295.0
1397,Lithuania,1989,3674802.0
1398,Lithuania,1990,3693708.0
1399,Lithuania,1991,3701968.0
1400,Lithuania,1992,3706299.0
1401,Lithuania,1993,3693929.0
1402,Lithuania,1994,3671296.0
1403,Lithuania,1995,3642991.0
1404,Lithuania,1996,3615212.0
1405,Lithuania,1997,3588013.0
1406,Lithuania,1998,3562261.0
1407,Lithuania,1999,3536401.0
1408,Lithuania,2000,3512074.0
1409,Lithuania,2001,3486998.0
1410,Lithuania,2002,3454637.0
1411,Lithuania,2003,3431497.0
1412,Lithuania,2004,3398929.0
1413,Lithuania,2005,3355220.0
1414,Lithuania,2006,3289835.0
1415,Lithuania,2007,3249983.0
1416,Lithuania,2008,3212605.0
1417,Lithuania,2009,3183856.0
1418,Lithuania,2010,3141976.0
1419,Lithuania,2011,3052588.0
1420,Lithuania,2012,3003641.0
1421,Lithuania,2013,2971905.0
1422,Lithuania,2014,2943472.0
1423,Lithuania,2015,2921262.0
1424,Lithuania,2016,2888558.0
1425,Lithuania,2017,2847904.0
1426,Lithuania,2018,2808901.0
1427,Lithuania,2019,2794184.0
1428,Lithuania,2020,2794090.0
1429,Lithuania,2021,2795680.0
1430,Luxembourg,1960,313050.0
1431,Luxembourg,1961,314889.0
1432,Luxembourg,1962,318800.0
1433,Luxembourg,1963,322700.0
1434,Luxembourg,1964,325500.0
1435,Luxembourg,1965,330000.0
1436,Luxembourg,1966,333000.0
1437,Luxembourg,1967,334790.0
1438,Luxembourg,1968,335200.0
1439,Luxembourg,1969,336500.0
1440,Luxembourg,1970,338507.0
1441,Luxembourg,1971,339841.0
1442,Luxembourg,1972,345000.0
1443,Luxembourg,1973,348200.0
1444,Luxembourg,1974,352700.0
1445,Luxembourg,1975,357400.0
1446,Luxembourg,1976,360500.0
1447,Luxembourg,1977,360962.0
1448,Luxembourg,1978,361753.0
1449,Luxembourg,1979,362261.0
1450,Luxembourg,1980,363450.0
1451,Luxembourg,1981,364850.0
1452,Luxembourg,1982,365600.0
1453,Luxembourg,1983,365450.0
1454,Luxembourg,1984,365794.0
1455,Luxembourg,1985,366202.0
1456,Luxembourg,1986,367210.0
1457,Luxembourg,1987,369500.0
1458,Luxembourg,1988,372000.0
1459,Luxembourg,1989,374900.0
1460,Luxembourg,1990,379300.0
1461,Luxembourg,1991,384400.0
1462,Luxembourg,1992,389600.0
1463,Luxembourg,1993,394750.0
1464,Luxembourg,1994,400200.0
1465,Luxembourg,1995,405650.0
1466,Luxembourg,1996,411600.0
1467,Luxembourg,1997,416850.0
1468,Luxembourg,1998,422050.0
1469,Luxembourg,1999,427350.0
1470,Luxembourg,2000,433600.0
1471,Luxembourg,2001,439000.0
1472,Luxembourg,2002,444050.0
1473,Luxembourg,2003,448300.0
1474,Luxembourg,2004,454960.0
1475,Luxembourg,2005,461230.0
1476,Luxembourg,2006,469086.0
1477,Luxembourg,2007,476187.0
1478,Luxembourg,2008,483799.0
1479,Luxembourg,2009,493500.0
1480,Luxembourg,2010,502066.0
1481,Luxembourg,2011,511840.0
1482,Luxembourg,2012,524853.0
1483,Luxembourg,2013,537039.0
1484,Luxembourg,2014,549680.0
1485,Luxembourg,2015,562958.0
1486,Luxembourg,2016,576249.0
1487,Luxembourg,2017,590667.0
1488,Luxembourg,2018,602005.0
1489,Luxembourg,2019,613894.0
1490,Luxembourg,2020,626108.0
1491,Luxembourg,2021,634730.0
1492,Latvia,1960,2104128.0
1493,Latvia,1961,2137830.0
1494,Latvia,1962,2167531.0
1495,Latvia,1963,2195640.0
1496,Latvia,1964,2226198.0
1497,Latvia,1965,2255048.0
1498,Latvia,1966,2276789.0
1499,Latvia,1967,2289645.0
1500,Latvia,1968,2312795.0
1501,Latvia,1969,2334443.0
1502,Latvia,1970,2351903.0
1503,Latvia,1971,2366424.0
1504,Latvia,1972,2386353.0
1505,Latvia,1973,2404995.0
1506,Latvia,1974,2426642.0
1507,Latvia,1975,2447730.0
1508,Latvia,1976,2464529.0
1509,Latvia,1977,2477449.0
1510,Latvia,1978,2492697.0
1511,Latvia,1979,2503145.0
1512,Latvia,1980,2508761.0
1513,Latvia,1981,2514640.0
1514,Latvia,1982,2524202.0
1515,Latvia,1983,2537958.0
1516,Latvia,1984,2554063.0
1517,Latvia,1985,2570030.0
1518,Latvia,1986,2587716.0
1519,Latvia,1987,2612068.0
1520,Latvia,1988,2641097.0
1521,Latvia,1989,2665770.0
1522,Latvia,1990,2668140.0
1523,Latvia,1991,2658161.0
1524,Latvia,1992,2643000.0
1525,Latvia,1993,2585675.0
1526,Latvia,1994,2540904.0
1527,Latvia,1995,2500580.0
1528,Latvia,1996,2469531.0
1529,Latvia,1997,2444912.0
1530,Latvia,1998,2420789.0
1531,Latvia,1999,2399248.0
1532,Latvia,2000,2381715.0
1533,Latvia,2001,2353384.0
1534,Latvia,2002,2320956.0
1535,Latvia,2003,2299390.0
1536,Latvia,2004,2276520.0
1537,Latvia,2005,2249724.0
1538,Latvia,2006,2227874.0
1539,Latvia,2007,2208840.0
1540,Latvia,2008,2191810.0
1541,Latvia,2009,2162834.0
1542,Latvia,2010,2120504.0
1543,Latvia,2011,2074605.0
1544,Latvia,2012,2044813.0
1545,Latvia,2013,2023825.0
1546,Latvia,2014,2001468.0
1547,Latvia,2015,1986096.0
1548,Latvia,2016,1968957.0
1549,Latvia,2017,1950116.0
1550,Latvia,2018,1934379.0
1551,Latvia,2019,1919968.0
1552,Latvia,2020,1907675.0
1553,Latvia,2021,1893223.0
1554,Monaco,2004,32828.0
1555,Monaco,2005,33085.0
1556,Moldova,2000,3644070.0
1557,Moldova,2001,3635112.0
1558,Moldova,2002,3627812.0
1559,Moldova,2003,3618312.0
1560,Moldova,2004,3607435.0
1561,Moldova,2005,3600436.0
1562,Moldova,2006,3589936.0
1563,Moldova,2007,3581110.0
1564,Moldova,2008,3572703.0
1565,Moldova,2009,3567512.0
1566,Moldova,2010,3563695.0
1567,Moldova,2011,3560430.0
1568,Moldova,2012,3559541.0
1569,Moldova,2013,3559497.0
1570,Moldova,2014,3557634.0
1571,Moldova,2015,3555159.0
1572,Moldova,2017,3550852.0
1573,Moldova,2021,2597107.0
1574,Montenegro,2000,603152.0
1575,Montenegro,2001,605988.0
1576,Montenegro,2002,608460.0
1577,Montenegro,2003,610510.0
1578,Montenegro,2004,612214.0
1579,Montenegro,2005,613420.0
1580,Montenegro,2006,613109.0
1581,Montenegro,2007,614624.0
1582,Montenegro,2008,615543.0
1583,Montenegro,2009,617157.0
1584,Montenegro,2010,619001.0
1585,Montenegro,2011,619850.0
1586,Montenegro,2012,620308.0
1587,Montenegro,2013,620893.0
1588,Montenegro,2014,621521.0
1589,Montenegro,2015,622099.0
1590,Montenegro,2016,622218.0
1591,Montenegro,2017,622387.0
1592,Montenegro,2018,622359.0
1593,Montenegro,2019,622182.0
1594,Montenegro,2020,621873.0
1595,Montenegro,2021,620739.0
1596,North Macedonia,1960,1384451.0
1597,North Macedonia,1961,1399403.0
1598,North Macedonia,1962,1417200.0
1599,North Macedonia,1963,1438342.0
1600,North Macedonia,1964,1461522.0
1601,North Macedonia,1965,1486469.0
1602,North Macedonia,1966,1512988.0
1603,North Macedonia,1967,1538694.0
1604,North Macedonia,1968,1562211.0
1605,North Macedonia,1969,1589217.0
1606,North Macedonia,1970,1616769.0
1607,North Macedonia,1971,1641353.0
1608,North Macedonia,1972,1666798.0
1609,North Macedonia,1973,1692113.0
1610,North Macedonia,1974,1717090.0
1611,North Macedonia,1975,1742780.0
1612,North Macedonia,1976,1769890.0
1613,North Macedonia,1977,1797145.0
1614,North Macedonia,1978,1823151.0
1615,North Macedonia,1979,1849388.0
1616,North Macedonia,1980,1878067.0
1617,North Macedonia,1981,1904570.0
1618,North Macedonia,1982,1928856.0
1619,North Macedonia,1983,1954972.0
1620,North Macedonia,1984,1980139.0
1621,North Macedonia,1985,2004709.0
1622,North Macedonia,1986,2029175.0
1623,North Macedonia,1987,2052953.0
1624,North Macedonia,1988,2077056.0
1625,North Macedonia,1989,2100246.0
1626,North Macedonia,1990,1873109.0
1627,North Macedonia,1991,1890872.0
1628,North Macedonia,1992,1908941.0
1629,North Macedonia,1993,2061000.0
1630,North Macedonia,1994,1936741.0
1631,North Macedonia,1995,1957265.0
1632,North Macedonia,1996,1971687.0
1633,North Macedonia,1997,1991398.0
1634,North Macedonia,1998,2002340.0
1635,North Macedonia,1999,2012705.0
1636,North Macedonia,2000,2021578.0
1637,North Macedonia,2001,2031112.0
1638,North Macedonia,2002,2038651.0
1639,North Macedonia,2003,2023654.0
1640,North Macedonia,2004,2029892.0
1641,North Macedonia,2005,2035196.0
1642,North Macedonia,2006,2038514.0
1643,North Macedonia,2007,2041941.0
1644,North Macedonia,2008,2045177.0
1645,North Macedonia,2009,2048619.0
1646,North Macedonia,2010,2052722.0
1647,North Macedonia,2011,2057284.0
1648,North Macedonia,2012,2059794.0
1649,North Macedonia,2013,2062294.0
1650,North Macedonia,2014,2065769.0
1651,North Macedonia,2015,2069172.0
1652,North Macedonia,2016,2071278.0
1653,North Macedonia,2017,2073702.0
1654,North Macedonia,2018,2075301.0
1655,North Macedonia,2019,2077132.0
1656,North Macedonia,2020,2076255.0
1657,North Macedonia,2021,2068808.0
1658,Malta,1960,327200.0
1659,Malta,1965,320600.0
1660,Malta,1970,302500.0
1661,Malta,1971,302800.0
1662,Malta,1975,301892.0
1663,Malta,1976,306551.0
1664,Malta,1977,304997.0
1665,Malta,1978,308942.0
1666,Malta,1979,311421.0
1667,Malta,1980,315262.0
1668,Malta,1981,318028.0
1669,Malta,1982,319936.0
1670,Malta,1983,331859.0
1671,Malta,1984,329189.0
1672,Malta,1985,331997.0
1673,Malta,1986,340907.0
1674,Malta,1987,343334.0
1675,Malta,1988,345636.0
1676,Malta,1989,349014.0
1677,Malta,1990,352430.0
1678,Malta,1991,361908.0
1679,Malta,1992,365781.0
1680,Malta,1993,369455.0
1681,Malta,1994,373161.0
1682,Malta,1995,376433.0
1683,Malta,1996,378404.0
1684,Malta,1997,381405.0
1685,Malta,1998,384176.0
1686,Malta,1999,386397.0
1687,Malta,2000,388759.0
1688,Malta,2001,391415.0
1689,Malta,2002,394641.0
1690,Malta,2003,397296.0
1691,Malta,2004,399867.0
1692,Malta,2005,402668.0
1693,Malta,2006,404999.0
1694,Malta,2007,405616.0
1695,Malta,2008,407832.0
1696,Malta,2009,410926.0
1697,Malta,2010,414027.0
1698,Malta,2011,414989.0
1699,Malta,2012,417546.0
1700,Malta,2013,422509.0
1701,Malta,2014,429424.0
1702,Malta,2015,439691.0
1703,Malta,2016,450415.0
1704,Malta,2017,460297.0
1705,Malta,2018,475701.0
1706,Malta,2019,493559.0
1707,Malta,2020,514564.0
1708,Malta,2021,516100.0
1709,Netherlands,1960,11417254.0
1710,Netherlands,1961,11556008.0
1711,Netherlands,1962,11721416.0
1712,Netherlands,1963,11889962.0
1713,Netherlands,1964,12041970.0
1714,Netherlands,1965,12212269.0
1715,Netherlands,1966,12377194.0
1716,Netherlands,1967,12535307.0
1717,Netherlands,1968,12661095.0
1718,Netherlands,1969,12798346.0
1719,Netherlands,1970,12957621.0
1720,Netherlands,1971,13119430.0
1721,Netherlands,1972,13269563.0
1722,Netherlands,1973,13387623.0
1723,Netherlands,1974,13491020.0
1724,Netherlands,1975,13599092.0
1725,Netherlands,1976,13733578.0
1726,Netherlands,1977,13814495.0
1727,Netherlands,1978,13897874.0
1728,Netherlands,1979,13985526.0
1729,Netherlands,1980,14091014.0
1730,Netherlands,1981,14208586.0
1731,Netherlands,1982,14285829.0
1732,Netherlands,1983,14339551.0
1733,Netherlands,1984,14394589.0
1734,Netherlands,1985,14453833.0
1735,Netherlands,1986,14529430.0
1736,Netherlands,1987,14615125.0
1737,Netherlands,1988,14714948.0
1738,Netherlands,1989,14805240.0
1739,Netherlands,1990,14892574.0
1740,Netherlands,1991,15010445.0
1741,Netherlands,1992,15129150.0
1742,Netherlands,1993,15239182.0
1743,Netherlands,1994,15341553.0
1744,Netherlands,1995,15424122.0
1745,Netherlands,1996,15493889.0
1746,Netherlands,1997,15567107.0
1747,Netherlands,1998,15654192.0
1748,Netherlands,1999,15760225.0
1749,Netherlands,2000,15863950.0
1750,Netherlands,2001,15987075.0
1751,Netherlands,2002,16105285.0
1752,Netherlands,2003,16192572.0
1753,Netherlands,2004,16258032.0
1754,Netherlands,2005,16305526.0
1755,Netherlands,2006,16334210.0
1756,Netherlands,2007,16357992.0
1757,Netherlands,2008,16405399.0
1758,Netherlands,2009,16485787.0
1759,Netherlands,2010,16574989.0
1760,Netherlands,2011,16655799.0
1761,Netherlands,2012,16730348.0
1762,Netherlands,2013,16779575.0
1763,Netherlands,2014,16829289.0
1764,Netherlands,2015,16900726.0
1765,Netherlands,2016,16979120.0
1766,Netherlands,2017,17081507.0
1767,Netherlands,2018,17181084.0
1768,Netherlands,2019,17282163.0
1769,Netherlands,2020,17407585.0
1770,Netherlands,2021,17475415.0
1771,Norway,1960,3567707.0
1772,Norway,1961,3594771.0
1773,Norway,1962,3624829.0
1774,Norway,1963,3653006.0
1775,Norway,1964,3680068.0
1776,Norway,1965,3708609.0
1777,Norway,1966,3737726.0
1778,Norway,1967,3768298.0
1779,Norway,1968,3800780.0
1780,Norway,1969,3832192.0
1781,Norway,1970,3863221.0
1782,Norway,1971,3888305.0
1783,Norway,1972,3917773.0
1784,Norway,1973,3948234.0
1785,Norway,1974,3972990.0
1786,Norway,1975,3997525.0
1787,Norway,1976,4017101.0
1788,Norway,1977,4035202.0
1789,Norway,1978,4051208.0
1790,Norway,1979,4066134.0
1791,Norway,1980,4078900.0
1792,Norway,1981,4092340.0
1793,Norway,1982,4107063.0
1794,Norway,1983,4122511.0
1795,Norway,1984,4134353.0
1796,Norway,1985,4145845.0
1797,Norway,1986,4159187.0
1798,Norway,1987,4175521.0
1799,Norway,1988,4198289.0
1800,Norway,1989,4220686.0
1801,Norway,1990,4233116.0
1802,Norway,1991,4249830.0
1803,Norway,1992,4273634.0
1804,Norway,1993,4299167.0
1805,Norway,1994,4324815.0
1806,Norway,1995,4348410.0
1807,Norway,1996,4369957.0
1808,Norway,1997,4392714.0
1809,Norway,1998,4417599.0
1810,Norway,1999,4445329.0
1811,Norway,2000,4478497.0
1812,Norway,2001,4503436.0
1813,Norway,2002,4524066.0
1814,Norway,2003,4552252.0
1815,Norway,2004,4577457.0
1816,Norway,2005,4606363.0
1817,Norway,2006,4640219.0
1818,Norway,2007,4681134.0
1819,Norway,2008,4737171.0
1820,Norway,2009,4799252.0
1821,Norway,2010,4858199.0
1822,Norway,2011,4920305.0
1823,Norway,2012,4985870.0
1824,Norway,2013,5051275.0
1825,Norway,2014,5107970.0
1826,Norway,2015,5166493.0
1827,Norway,2016,5210721.0
1828,Norway,2017,5258317.0
1829,Norway,2018,5295619.0
1830,Norway,2019,5328212.0
1831,Norway,2020,5367580.0
1832,Norway,2021,5391369.0
1833,Poland,1960,29479900.0
1834,Poland,1961,29795000.0
1835,Poland,1962,30133000.0
1836,Poland,1963,30484000.0
1837,Poland,1964,30940000.0
1838,Poland,1965,31338900.0
1839,Poland,1966,31551000.0
1840,Poland,1967,31811000.0
1841,Poland,1968,32163310.0
1842,Poland,1969,32426000.0
1843,Poland,1970,32670600.0
1844,Poland,1971,32658000.0
1845,Poland,1972,32909000.0
1846,Poland,1973,33202300.0
1847,Poland,1974,33512100.0
1848,Poland,1975,33845698.0
1849,Poland,1976,34184700.0
1850,Poland,1977,34527900.0
1851,Poland,1978,34850200.0
1852,Poland,1979,35081000.0
1853,Poland,1980,35413434.0
1854,Poland,1981,35734865.0
1855,Poland,1982,36062309.0
1856,Poland,1983,36398652.0
1857,Poland,1984,36744964.0
1858,Poland,1985,37063303.0
1859,Poland,1986,37340467.0
1860,Poland,1987,37571771.0
1861,Poland,1988,37764318.0
1862,Poland,1989,37884655.0
1863,Poland,1990,38038403.0
1864,Poland,1991,38183160.0
1865,Poland,1992,38309226.0
1866,Poland,1993,38418108.0
1867,Poland,1994,38504707.0
1868,Poland,1995,38580597.0
1869,Poland,1996,38609399.0
1870,Poland,1997,38639341.0
1871,Poland,1998,38659979.0
1872,Poland,1999,38666983.0
1873,Poland,2000,38263303.0
1874,Poland,2001,38253955.0
1875,Poland,2002,38242197.0
1876,Poland,2003,38218531.0
1877,Poland,2004,38190608.0
1878,Poland,2005,38173835.0
1879,Poland,2006,38157055.0
1880,Poland,2007,38125479.0
1881,Poland,2008,38115641.0
1882,Poland,2009,38135876.0
1883,Poland,2010,38022869.0
1884,Poland,2011,38062718.0
1885,Poland,2012,38063792.0
1886,Poland,2013,38062535.0
1887,Poland,2014,38017856.0
1888,Poland,2015,38005614.0
1889,Poland,2016,37967209.0
1890,Poland,2017,37972964.0
1891,Poland,2018,37976687.0
1892,Poland,2019,37972812.0
1893,Poland,2020,37958138.0
1894,Poland,2021,37840001.0
1895,Portugal,1960,8826040.0
1896,Portugal,1961,8889392.0
1897,Portugal,1962,8969240.0
1898,Portugal,1963,9018730.0
1899,Portugal,1964,9041980.0
1900,Portugal,1965,9028750.0
1901,Portugal,1966,8968440.0
1902,Portugal,1967,8893540.0
1903,Portugal,1968,8855500.0
1904,Portugal,1969,8817800.0
1905,Portugal,1970,8697610.0
1906,Portugal,1971,8663252.0
1907,Portugal,1972,8624260.0
1908,Portugal,1973,8636600.0
1909,Portugal,1974,8629600.0
1910,Portugal,1975,8879130.0
1911,Portugal,1976,9307810.0
1912,Portugal,1977,9403810.0
1913,Portugal,1978,9507540.0
1914,Portugal,1979,9608960.0
1915,Portugal,1980,9713570.0
1916,Portugal,1981,9819054.0
1917,Portugal,1982,9883670.0
1918,Portugal,1983,9939871.0
1919,Portugal,1984,9975859.0
1920,Portugal,1985,10016605.0
1921,Portugal,1986,10030621.0
1922,Portugal,1987,10034846.0
1923,Portugal,1988,10025215.0
1924,Portugal,1989,10014005.0
1925,Portugal,1990,9995995.0
1926,Portugal,1991,9970441.0
1927,Portugal,1992,9950029.0
1928,Portugal,1993,9954958.0
1929,Portugal,1994,9974391.0
1930,Portugal,1995,10008659.0
1931,Portugal,1996,10043693.0
1932,Portugal,1997,10084196.0
1933,Portugal,1998,10133758.0
1934,Portugal,1999,10186634.0
1935,Portugal,2000,10249022.0
1936,Portugal,2001,10330774.0
1937,Portugal,2002,10394669.0
1938,Portugal,2003,10444592.0
1939,Portugal,2004,10473050.0
1940,Portugal,2005,10494672.0
1941,Portugal,2006,10511988.0
1942,Portugal,2007,10532588.0
1943,Portugal,2008,10553339.0
1944,Portugal,2009,10563014.0
1945,Portugal,2010,10573479.0
1946,Portugal,2011,10572721.0
1947,Portugal,2012,10542398.0
1948,Portugal,2013,10487289.0
1949,Portugal,2014,10427301.0
1950,Portugal,2015,10374822.0
1951,Portugal,2016,10341330.0
1952,Portugal,2017,10309573.0
1953,Portugal,2018,10291027.0
1954,Portugal,2019,10276617.0
1955,Portugal,2020,10295909.0
1956,Portugal,2021,10298252.0
1957,Romania,1960,18319210.0
1958,Romania,1961,18494600.0
1959,Romania,1962,18615900.0
1960,Romania,1963,18737200.0
1961,Romania,1964,18858500.0
1962,Romania,1965,18979752.0
1963,Romania,1966,19083400.0
1964,Romania,1967,19347500.0
1965,Romania,1968,19720984.0
1966,Romania,1969,19878678.0
1967,Romania,1970,20139603.0
1968,Romania,1971,20361192.0
1969,Romania,1972,20561942.0
1970,Romania,1973,20753972.0
1971,Romania,1974,20917390.0
1972,Romania,1975,21141468.0
1973,Romania,1976,21445698.0
1974,Romania,1977,21657569.0
1975,Romania,1978,21854622.0
1976,Romania,1979,22048305.0
1977,Romania,1980,22132670.0
1978,Romania,1981,22281894.0
1979,Romania,1982,22424246.0
1980,Romania,1983,22527235.0
1981,Romania,1984,22593720.0
1982,Romania,1985,22687374.0
1983,Romania,1986,22778624.0
1984,Romania,1987,22895058.0
1985,Romania,1988,23003802.0
1986,Romania,1989,23111521.0
1987,Romania,1990,23211395.0
1988,Romania,1991,23192274.0
1989,Romania,1992,22810035.0
1990,Romania,1993,22778533.0
1991,Romania,1994,22748027.0
1992,Romania,1995,22712394.0
1993,Romania,1996,22656145.0
1994,Romania,1997,22581862.0
1995,Romania,1998,22526093.0
1996,Romania,1999,22488595.0
1997,Romania,2000,22455485.0
1998,Romania,2001,22430457.0
1999,Romania,2002,21833483.0
2000,Romania,2003,21627509.0
2001,Romania,2004,21521142.0
2002,Romania,2005,21382354.0
2003,Romania,2006,21257016.0
2004,Romania,2007,21130503.0
2005,Romania,2008,20635460.0
2006,Romania,2009,20440290.0
2007,Romania,2010,20294683.0
2008,Romania,2011,20199059.0
2009,Romania,2012,20095996.0
2010,Romania,2013,20020074.0
2011,Romania,2014,19947311.0
2012,Romania,2015,19870647.0
2013,Romania,2016,19760585.0
2014,Romania,2017,19643949.0
2015,Romania,2018,19533481.0
2016,Romania,2019,19414458.0
2017,Romania,2020,19328838.0
2018,Romania,2021,19201662.0
2019,Serbia,1999,7552850.0
2020,Serbia,2000,7527952.0
2021,Serbia,2001,7504739.0
2022,Serbia,2002,7502126.0
2023,Serbia,2003,7490918.0
2024,Serbia,2004,7470263.0
2025,Serbia,2005,7456050.0
2026,Serbia,2006,7425487.0
2027,Serbia,2007,7397651.0
2028,Serbia,2008,7365507.0
2029,Serbia,2009,7334937.0
2030,Serbia,2010,7306677.0
2031,Serbia,2011,7251549.0
2032,Serbia,2012,7216649.0
2033,Serbia,2013,7181505.0
2034,Serbia,2014,7146759.0
2035,Serbia,2015,7114393.0
2036,Serbia,2016,7076372.0
2037,Serbia,2017,7040272.0
2038,Serbia,2018,7001444.0
2039,Serbia,2019,6963764.0
2040,Serbia,2020,6926705.0
2041,Serbia,2021,6871547.0
2042,Russia,2000,146890128.0
2043,Russia,2001,146303611.0
2044,Russia,2002,145649334.0
2045,Russia,2003,145166731.0
2046,Russia,2004,144168205.0
2047,Russia,2005,143474219.0
2048,Russia,2006,142753551.0
2049,Russia,2007,142220968.0
2050,Russia,2008,142008838.0
2051,Russia,2009,141903979.0
2052,Russia,2010,141914509.0
2053,Russia,2011,142856536.0
2054,Russia,2012,143056383.0
2055,Russia,2014,143666931.0
2056,Sweden,1960,7471345.0
2057,Sweden,1961,7497967.0
2058,Sweden,1962,7542028.0
2059,Sweden,1963,7581148.0
2060,Sweden,1964,7627507.0
2061,Sweden,1965,7695200.0
2062,Sweden,1966,7772506.0
2063,Sweden,1967,7843088.0
2064,Sweden,1968,7892774.0
2065,Sweden,1969,7931772.0
2066,Sweden,1970,8004371.0
2067,Sweden,1971,8081230.0
2068,Sweden,1972,8115438.0
2069,Sweden,1973,8129161.0
2070,Sweden,1974,8143463.0
2071,Sweden,1975,8176447.0
2072,Sweden,1976,8208427.0
2073,Sweden,1977,8236144.0
2074,Sweden,1978,8266936.0
2075,Sweden,1979,8284261.0
2076,Sweden,1980,8303094.0
2077,Sweden,1981,8317967.0
2078,Sweden,1982,8323038.0
2079,Sweden,1983,8327488.0
2080,Sweden,1984,8330577.0
2081,Sweden,1985,8342633.0
2082,Sweden,1986,8358139.0
2083,Sweden,1987,8381519.0
2084,Sweden,1988,8414089.0
2085,Sweden,1989,8458888.0
2086,Sweden,1990,8527039.0
2087,Sweden,1991,8590630.0
2088,Sweden,1992,8644120.0
2089,Sweden,1993,8692013.0
2090,Sweden,1994,8745109.0
2091,Sweden,1995,8816381.0
2092,Sweden,1996,8837496.0
2093,Sweden,1997,8844499.0
2094,Sweden,1998,8847625.0
2095,Sweden,1999,8854322.0
2096,Sweden,2000,8861426.0
2097,Sweden,2001,8882792.0
2098,Sweden,2002,8909128.0
2099,Sweden,2003,8940788.0
2100,Sweden,2004,8975670.0
2101,Sweden,2005,9011392.0
2102,Sweden,2006,9047752.0
2103,Sweden,2007,9113257.0
2104,Sweden,2008,9182927.0
2105,Sweden,2009,9256347.0
2106,Sweden,2010,9340682.0
2107,Sweden,2011,9415570.0
2108,Sweden,2012,9482855.0
2109,Sweden,2013,9555893.0
2110,Sweden,2014,9644864.0
2111,Sweden,2015,9747355.0
2112,Sweden,2016,9851017.0
2113,Sweden,2017,9995153.0
2114,Sweden,2018,10120242.0
2115,Sweden,2019,10230185.0
2116,Sweden,2020,10327589.0
2117,Sweden,2021,10379295.0
2118,Slovenia,1960,1580535.0
2119,Slovenia,1961,1588904.0
2120,Slovenia,1962,1599357.0
2121,Slovenia,1963,1607941.0
2122,Slovenia,1964,1626000.0
2123,Slovenia,1965,1638227.0
2124,Slovenia,1966,1660092.0
2125,Slovenia,1967,1679717.0
2126,Slovenia,1968,1699339.0
2127,Slovenia,1969,1709752.0
2128,Slovenia,1970,1717995.0
2129,Slovenia,1971,1731787.0
2130,Slovenia,1972,1744882.0
2131,Slovenia,1973,1759584.0
2132,Slovenia,1974,1773809.0
2133,Slovenia,1975,1778454.0
2134,Slovenia,1976,1808707.0
2135,Slovenia,1977,1831790.0
2136,Slovenia,1978,1852963.0
2137,Slovenia,1979,1872133.0
2138,Slovenia,1980,1893064.0
2139,Slovenia,1981,1909566.0
2140,Slovenia,1982,1903495.0
2141,Slovenia,1983,1917173.0
2142,Slovenia,1984,1927469.0
2143,Slovenia,1985,1936839.0
2144,Slovenia,1986,1946442.0
2145,Slovenia,1987,1985486.0
2146,Slovenia,1988,1994066.0
2147,Slovenia,1989,1996325.0
2148,Slovenia,1990,1996377.0
2149,Slovenia,1991,1999945.0
2150,Slovenia,1992,1998912.0
2151,Slovenia,1993,1994084.0
2152,Slovenia,1994,1989408.0
2153,Slovenia,1995,1989477.0
2154,Slovenia,1996,1990266.0
2155,Slovenia,1997,1986989.0
2156,Slovenia,1998,1984923.0
2157,Slovenia,1999,1978334.0
2158,Slovenia,2000,1987755.0
2159,Slovenia,2001,1990094.0
2160,Slovenia,2002,1994026.0
2161,Slovenia,2003,1995033.0
2162,Slovenia,2004,1996433.0
2163,Slovenia,2005,1997590.0
2164,Slovenia,2006,2003358.0
2165,Slovenia,2007,2010377.0
2166,Slovenia,2008,2010269.0
2167,Slovenia,2009,2032362.0
2168,Slovenia,2010,2046976.0
2169,Slovenia,2011,2050189.0
2170,Slovenia,2012,2055496.0
2171,Slovenia,2013,2058821.0
2172,Slovenia,2014,2061085.0
2173,Slovenia,2015,2062874.0
2174,Slovenia,2016,2064188.0
2175,Slovenia,2017,2065895.0
2176,Slovenia,2018,2066880.0
2177,Slovenia,2019,2080908.0
2178,Slovenia,2020,2095861.0
2179,Slovenia,2021,2108977.0
2180,Slovakia,1960,3969682.0
2181,Slovakia,1961,4166507.0
2182,Slovakia,1962,4216827.0
2183,Slovakia,1963,4259549.0
2184,Slovakia,1964,4304484.0
2185,Slovakia,1965,4350198.0
2186,Slovakia,1966,4391768.0
2187,Slovakia,1967,4431564.0
2188,Slovakia,1968,4467170.0
2189,Slovakia,1969,4500659.0
2190,Slovakia,1970,4536555.0
2191,Slovakia,1971,4539890.0
2192,Slovakia,1972,4575007.0
2193,Slovakia,1973,4618236.0
2194,Slovakia,1974,4664653.0
2195,Slovakia,1975,4714593.0
2196,Slovakia,1976,4763617.0
2197,Slovakia,1977,4815396.0
2198,Slovakia,1978,4865605.0
2199,Slovakia,1979,4914644.0
2200,Slovakia,1980,4963301.0
2201,Slovakia,1981,4996329.0
2202,Slovakia,1982,5035881.0
2203,Slovakia,1983,5074316.0
2204,Slovakia,1984,5109626.0
2205,Slovakia,1985,5144568.0
2206,Slovakia,1986,5178967.0
2207,Slovakia,1987,5208708.0
2208,Slovakia,1988,5236972.0
2209,Slovakia,1989,5264220.0
2210,Slovakia,1990,5287663.0
2211,Slovakia,1991,5310711.0
2212,Slovakia,1992,5295877.0
2213,Slovakia,1993,5314155.0
2214,Slovakia,1994,5336455.0
2215,Slovakia,1995,5356207.0
2216,Slovakia,1996,5367790.0
2217,Slovakia,1997,5378932.0
2218,Slovakia,1998,5387650.0
2219,Slovakia,1999,5393382.0
2220,Slovakia,2000,5398657.0
2221,Slovakia,2001,5378783.0
2222,Slovakia,2002,5378951.0
2223,Slovakia,2003,5374873.0
2224,Slovakia,2004,5371875.0
2225,Slovakia,2005,5372685.0
2226,Slovakia,2006,5372928.0
2227,Slovakia,2007,5373180.0
2228,Slovakia,2008,5376064.0
2229,Slovakia,2009,5382401.0
2230,Slovakia,2010,5390410.0
2231,Slovakia,2011,5392446.0
2232,Slovakia,2012,5404322.0
2233,Slovakia,2013,5410836.0
2234,Slovakia,2014,5415949.0
2235,Slovakia,2015,5421349.0
2236,Slovakia,2016,5426252.0
2237,Slovakia,2017,5435343.0
2238,Slovakia,2018,5443120.0
2239,Slovakia,2019,5450421.0
2240,Slovakia,2020,5457873.0
2241,Slovakia,2021,5459781.0
2242,San Marino,2004,29241.0
2243,San Marino,2005,29673.0
2244,San Marino,2006,29999.0
2245,San Marino,2007,30368.0
2246,San Marino,2008,32054.0
2247,San Marino,2009,31269.0
2248,San Marino,2011,31863.0
2249,San Marino,2012,33376.0
2250,San Marino,2013,33562.0
2251,San Marino,2018,34453.0
2252,Turkey,1960,27119962.0
2253,Turkey,1961,27755078.0
2254,Turkey,1962,28435197.0
2255,Turkey,1963,29162545.0
2256,Turkey,1964,29939582.0
2257,Turkey,1965,30769013.0
2258,Turkey,1966,31499416.0
2259,Turkey,1967,32273630.0
2260,Turkey,1968,33093700.0
2261,Turkey,1969,33961875.0
2262,Turkey,1970,34880611.0
2263,Turkey,1971,35707058.0
2264,Turkey,1972,36582215.0
2265,Turkey,1973,37508880.0
2266,Turkey,1974,38490106.0
2267,Turkey,1975,39529218.0
2268,Turkey,1976,40281507.0
2269,Turkey,1977,41102443.0
2270,Turkey,1978,41996129.0
2271,Turkey,1979,42967253.0
2272,Turkey,1980,44021146.0
2273,Turkey,1981,45023450.0
2274,Turkey,1982,46085508.0
2275,Turkey,1983,47210448.0
2276,Turkey,1984,48401689.0
2277,Turkey,1985,49662958.0
2278,Turkey,1986,50695548.0
2279,Turkey,1987,51791212.0
2280,Turkey,1988,52953586.0
2281,Turkey,1989,54186642.0
2282,Turkey,1990,55494711.0
2283,Turkey,1991,56714051.0
2284,Turkey,1992,57835076.0
2285,Turkey,1993,58958565.0
2286,Turkey,1994,60079060.0
2287,Turkey,1995,61203584.0
2288,Turkey,1996,62337617.0
2289,Turkey,1997,63484661.0
2290,Turkey,1998,64641675.0
2291,Turkey,1999,65786563.0
2292,Turkey,2000,66889425.0
2293,Turkey,2001,64729501.0
2294,Turkey,2002,65603160.0
2295,Turkey,2003,66401851.0
2296,Turkey,2004,67187251.0
2297,Turkey,2005,68010221.0
2298,Turkey,2006,68860539.0
2299,Turkey,2007,69729967.0
2300,Turkey,2008,70586256.0
2301,Turkey,2009,71517100.0
2302,Turkey,2010,72561312.0
2303,Turkey,2011,73722988.0
2304,Turkey,2012,74724269.0
2305,Turkey,2013,75627384.0
2306,Turkey,2014,76667864.0
2307,Turkey,2015,77695904.0
2308,Turkey,2016,78741053.0
2309,Turkey,2017,79814871.0
2310,Turkey,2018,80810525.0
2311,Turkey,2019,82003882.0
2312,Turkey,2020,83154997.0
2313,Turkey,2021,83614362.0
2314,Ukraine,2000,49114950.0
2315,Ukraine,2001,48663609.0
2316,Ukraine,2002,48240902.0
2317,Ukraine,2003,47823108.0
2318,Ukraine,2004,47442079.0
2319,Ukraine,2005,47100462.0
2320,Ukraine,2006,46749170.0
2321,Ukraine,2007,46465691.0
2322,Ukraine,2008,46192309.0
2323,Ukraine,2009,45963359.0
2324,Ukraine,2010,45782592.0
2325,Ukraine,2011,45598179.0
2326,Ukraine,2012,45453282.0
2327,Ukraine,2013,45372692.0
2328,Ukraine,2014,45245894.0
2329,Ukraine,2015,42759661.0
2330,Ukraine,2016,42590879.0
2331,Ukraine,2017,42414905.0
2332,Ukraine,2018,42216766.0
2333,Ukraine,2019,41983564.0
2334,Ukraine,2020,41732779.0
2335,Ukraine,2021,41418717.0
2336,United Kingdom,1960,52200000.0
2337,United Kingdom,1961,52600000.0
2338,United Kingdom,1962,53000000.0
2339,United Kingdom,1963,53500000.0
2340,United Kingdom,1964,53800000.0
2341,United Kingdom,1965,54200000.0
2342,United Kingdom,1966,54496100.0
2343,United Kingdom,1967,54800900.0
2344,United Kingdom,1968,55086300.0
2345,United Kingdom,1969,55337100.0
2346,United Kingdom,1970,55546400.0
2347,United Kingdom,1971,55780100.0
2348,United Kingdom,1972,56012345.0
2349,United Kingdom,1973,56159785.0
2350,United Kingdom,1974,56229268.0
2351,United Kingdom,1975,56230680.0
2352,United Kingdom,1976,56220920.0
2353,United Kingdom,1977,56203016.0
2354,United Kingdom,1978,56183968.0
2355,United Kingdom,1979,56209039.0
2356,United Kingdom,1980,56284863.0
2357,United Kingdom,1981,56343569.0
2358,United Kingdom,1982,56324088.0
2359,United Kingdom,1983,56303194.0
2360,United Kingdom,1984,56362502.0
2361,United Kingdom,1985,56481641.0
2362,United Kingdom,1986,56618895.0
2363,United Kingdom,1987,56743897.0
2364,United Kingdom,1988,56860203.0
2365,United Kingdom,1989,56996450.0
2366,United Kingdom,1990,57156972.0
2367,United Kingdom,1991,57338199.0
2368,United Kingdom,1992,57511594.0
2369,United Kingdom,1993,57649210.0
2370,United Kingdom,1994,57788017.0
2371,United Kingdom,1995,57943472.0
2372,United Kingdom,1996,58094587.0
2373,United Kingdom,1997,58239312.0
2374,United Kingdom,1998,58394596.0
2375,United Kingdom,1999,58579685.0
2376,United Kingdom,2000,58785246.0
2377,United Kingdom,2001,58999781.0
2378,United Kingdom,2002,59239564.0
2379,United Kingdom,2003,59501394.0
2380,United Kingdom,2004,59793759.0
2381,United Kingdom,2005,60182050.0
2382,United Kingdom,2006,60620361.0
2383,United Kingdom,2007,61073279.0
2384,United Kingdom,2008,61571647.0
2385,United Kingdom,2009,62042343.0
2386,United Kingdom,2010,62510197.0
2387,United Kingdom,2011,63022532.0
2388,United Kingdom,2012,63495088.0
2389,United Kingdom,2013,63905342.0
2390,United Kingdom,2014,64351203.0
2391,United Kingdom,2015,64853393.0
2392,United Kingdom,2016,65379044.0
2393,United Kingdom,2017,65844142.0
2394,United Kingdom,2018,66273576.0
2395,United Kingdom,2019,66647112.0
2396,United Kingdom,2020,67025542.0
2397,Kosovo,2003,1985000.0
2398,Kosovo,2004,2016000.0
2399,Kosovo,2005,2041000.0
2400,Kosovo,2006,2100000.0
2401,Kosovo,2007,2126708.0
2402,Kosovo,2008,2153139.0
2403,Kosovo,2009,2180686.0
2404,Kosovo,2010,2208107.0
2405,Kosovo,2011,1794180.0
2406,Kosovo,2012,0.0
2407,Kosovo,2016,1771604.0
2408,Kosovo,2017,1783531.0
2409,Kosovo,2018,1798506.0
2410,Kosovo,2019,1795666.0
2411,Kosovo,2020,1782115.0
